date,open_w,high_w,low_w,close_w,rsi14_w,rsi3_w,sma9_rsi_w,wma45_rsi_w,ema45_rsi_w,sma3_rsi3_w,ema20_sma3_w,cfg_w,cfg_sma4_w,cfg_sma9_w,cfg_ema20_w,cfg_ema45_w,cfg_wma45_w,the_number_w,the_number_hl_w,the_number_ll_w,sma9_close_w,sma4_w,sma9_w,sma18_w,wma45_close_w,cci_w,cci_ema20_w,aroon_up_w,aroon_down_w
2022-02-17,58.650000,60.110000,53.320000,53.380000,,,,,,,,,,,,,,,,,,,,,,,,,
2022-02-24,53.320000,55.580000,50.520000,51.980000,,,,,,,,,,,,,,,,,,,,,,,,,
2022-03-03,53.850000,54.250000,50.980000,51.180000,,,,,,,,,,,,,,,,,,,,,,,,,
2022-03-10,51.520000,54.180000,50.050000,52.520000,,37.853107,,,,,,,,,,,,,,,,52.265000,,,,,,,
2022-03-17,52.580000,53.050000,50.120000,50.580000,,20.775194,,,,,,,,,,,,,,,,51.565000,,,,,,,
2022-03-24,50.650000,51.850000,49.920000,50.980000,,30.476190,,,,29.701497,,,,,,,,,,,,51.315000,,,,,,,
2022-03-31,51.050000,52.780000,50.920000,51.920000,,51.437396,,,,34.229593,,,,,,,,,,,,51.500000,,,,,,,
2022-04-07,51.980000,56.650000,51.780000,53.250000,,70.386468,,,,50.766685,,,,,,,,,,,,51.682500,,,,,,,
2022-04-14,53.380000,59.250000,53.250000,57.310000,,89.373262,,,,70.399042,,,,,,,,,,,52.566667,53.365000,52.566667,,,,,,
2022-04-21,57.450000,62.850000,57.110000,57.380000,,89.546595,,,,83.102108,,,,,,,,,,,53.011111,54.965000,53.011111,,,,,,
2022-04-28,57.110000,58.980000,55.850000,56.650000,,71.343242,,,,83.421033,,,,,,,,,,,53.530000,56.147500,53.530000,,,,,,
2022-05-12,56.510000,56.650000,51.980000,52.520000,,26.179798,,,,62.356545,,,,,,,,,,,53.678889,55.965000,53.678889,,,,,,
2022-05-19,52.850000,54.980000,51.720000,52.120000,,23.974883,,,,40.499308,,,,,,,,,,,53.634444,54.667500,53.634444,,,,,,
2022-05-26,52.650000,52.650000,50.650000,52.050000,,23.456304,,,,24.536995,,,,,,,,,,,53.797778,53.335000,53.797778,,,-64.982157,,,
2022-06-02,47.050000,50.380000,46.920000,49.050000,39.495391,9.812281,,,,19.081156,,,,,,,,,,,53.583333,51.435000,53.583333,,,-144.110599,,,
2022-06-09,49.180000,51.780000,48.120000,50.850000,44.696892,40.802692,,,,24.690426,,,,,,,,,,,53.464444,51.017500,53.464444,,,-85.632193,,,
2022-06-16,50.180000,50.320000,43.990000,45.320000,34.798971,15.793443,,,,22.136139,,,,,,,,,,,52.583333,49.317500,52.583333,,,-162.459608,,,
2022-06-23,43.450000,44.320000,40.650000,41.650000,30.043980,9.808615,,,,22.134917,,,,,,,,,,,50.843333,46.717500,50.843333,51.705000,,-207.774822,,,
2022-06-30,42.990000,44.520000,41.320000,42.520000,32.402039,20.518512,,,,15.373524,,,,,,,,,,,49.192222,45.085000,49.192222,51.101667,,-150.545352,,,
2022-07-07,42.650000,42.990000,41.250000,41.320000,30.857032,16.471708,,,,15.599612,,,,,,,,,,,47.488889,42.702500,47.488889,50.509444,,-130.127733,,,
2022-07-14,41.520000,42.990000,40.650000,40.990000,30.427357,15.232455,,,,17.407559,,,,,,,,,,,46.207778,41.620000,46.207778,49.943333,,-109.071752,,,
2022-07-21,41.720000,45.320000,40.720000,44.050000,38.920584,58.578333,,,,30.094166,,,,,,,,,,,45.311111,42.220000,45.311111,49.472778,,-72.997404,,,
2022-07-28,44.190000,45.720000,43.920000,45.120000,41.605041,67.338430,35.916365,,,47.049739,,,,,,,,,,,44.541111,42.870000,44.541111,49.169444,,-45.449533,,,
2022-08-04,45.320000,47.780000,44.520000,47.050000,46.198252,79.225532,36.661128,,,68.380765,,75.083626,,,,,,,,,44.318889,44.302500,44.318889,48.951111,,-15.590200,,,
2022-08-11,47.520000,50.050000,46.650000,48.320000,49.038859,84.716040,37.143568,,,77.093334,39.938591,81.435301,,,,,,,,,44.037778,46.135000,44.037778,48.751111,,28.494912,,40.000000,84.000000
2022-08-18,48.380000,49.850000,47.520000,49.050000,50.651697,87.552492,38.904982,,,83.831355,44.118854,99.684081,,,,,,,,,44.452222,47.385000,44.452222,48.517778,,49.219122,,36.000000,80.000000
2022-08-25,49.050000,49.980000,47.580000,49.980000,52.705266,90.811223,41.422903,,,87.693252,48.268797,110.354538,91.639386,,,,,,,,45.377778,48.600000,45.377778,48.110556,,67.718891,,32.000000,76.000000
2022-09-01,49.320000,51.320000,48.850000,49.320000,51.080692,71.019058,43.498309,,,83.127591,51.588682,101.806244,98.320041,,,,,,,,46.133333,49.167500,46.133333,47.662778,,89.306123,,28.000000,72.000000
2022-09-08,48.980000,49.650000,46.920000,47.650000,47.122717,38.867413,45.305607,,,66.899231,53.046830,83.164916,98.752445,,,,,,,,46.836667,49.000000,46.836667,47.162778,,49.648804,,24.000000,68.000000
2022-09-15,48.450000,48.450000,46.380000,47.520000,46.818596,36.915949,47.126856,,,48.934140,52.655145,65.325379,90.162769,,,,,,,,47.562222,48.617500,47.562222,46.885000,,42.063284,,20.000000,64.000000
2022-09-22,47.050000,47.120000,44.250000,45.380000,42.011934,16.482123,47.470339,,,30.755162,50.569432,33.846512,71.035763,,,,,,,,47.710000,47.467500,47.710000,46.510556,,-4.125627,,16.000000,60.000000
2022-09-29,42.920000,46.650000,42.920000,45.720000,43.012973,26.215374,47.626776,,,26.537816,48.280707,27.945747,52.570638,75.405149,,,,,,,47.776667,46.567500,47.776667,46.158889,,-24.099714,,12.000000,56.000000
2022-10-06,45.720000,48.450000,44.850000,46.980000,46.686047,55.223169,47.680976,,,32.640222,46.791137,33.128018,40.061414,70.743415,,,,,,,47.768889,46.400000,47.768889,46.043889,,16.386328,-17.986452,8.000000,52.000000
2022-10-13,46.650000,49.580000,45.780000,48.320000,50.351115,72.481508,47.826782,,,51.306684,47.221189,52.618940,36.884804,67.541597,,,,,,,47.768889,46.600000,47.768889,45.903333,,44.061373,-12.077135,4.000000,48.000000
2022-10-20,48.850000,50.850000,47.650000,47.700000,48.683505,57.184622,47.608094,,,61.629766,48.593434,59.661574,43.338570,63.094652,,,,,,,47.618889,47.180000,47.618889,46.035556,,66.689989,-4.575504,4.000000,44.000000
2022-10-27,47.700000,49.300000,45.300000,45.300000,42.777364,25.696049,46.504994,,,51.787393,48.897621,41.859491,46.817006,55.484091,,,,,,,47.098889,47.075000,47.098889,46.238333,,-40.215020,-7.969744,4.000000,40.000000
2022-11-03,45.650000,46.900000,44.000000,46.400000,46.010313,46.100713,45.941618,,,42.993795,48.335352,37.923416,48.015855,48.385999,,,,,,,46.774444,46.930000,46.774444,46.453889,,-92.943849,-16.062516,4.000000,36.000000
2022-11-10,46.500000,47.200000,43.900000,43.900000,40.420869,23.810224,45.196968,,,31.868995,46.767127,25.167146,41.152907,41.941803,,,,,,,46.357778,45.825000,46.357778,46.597222,,-117.971663,-25.768149,4.000000,32.000000
2022-11-17,44.700000,44.700000,42.800000,43.500000,39.592112,21.334482,44.394026,,,30.415140,45.209795,23.188656,32.034677,37.259944,,,,,,,45.911111,44.775000,45.911111,46.736667,,-146.442995,-37.260991,8.000000,28.000000
2022-11-24,43.000000,43.700000,41.050000,41.100000,34.960476,11.021000,43.610530,,,18.721902,42.687139,11.670444,24.487416,34.795937,,,,,,,45.435556,43.725000,45.435556,46.572778,,-175.714880,-50.447076,4.000000,24.000000
2022-12-01,41.200000,41.800000,39.500000,41.500000,36.298032,20.615039,42.864426,,,17.656840,40.303301,10.941900,17.742036,32.906621,,,,,,,44.966667,42.500000,44.966667,46.371667,,-171.200130,-61.947367,48.000000,100.000000
2022-12-08,41.650000,41.650000,39.300000,39.950000,33.429128,12.672726,41.391435,,,14.769588,37.871519,1.512669,11.828417,29.393804,,,,,,,44.185556,41.512500,44.185556,45.977222,,-157.924064,-71.088005,44.000000,100.000000
2022-12-15,39.800000,39.800000,36.900000,37.400000,29.322982,6.496363,39.054976,,,13.261376,35.527695,-7.766757,4.089564,22.684282,37.710482,,,,,,42.972222,39.987500,42.972222,45.370556,,-170.058075,-80.513726,40.000000,100.000000
2022-12-22,36.500000,38.800000,36.500000,38.250000,32.307757,24.817402,37.235448,,,14.662164,33.540502,-1.713584,0.743557,15.864820,33.955809,,,,,,41.922222,39.275000,41.922222,44.770556,,-137.105019,-85.903373,36.000000,100.000000
2022-12-29,38.500000,39.900000,37.000000,37.300000,30.744980,18.680959,35.898517,,,16.664908,31.933303,4.632524,-0.833787,11.728490,31.163115,,,,,,41.033333,38.225000,41.033333,44.066111,45.186184,-107.473717,-87.957691,32.000000,96.000000
2023-01-05,37.550000,42.600000,37.350000,41.300000,43.202709,68.255403,35.586561,,,37.251255,32.439774,34.443651,7.398958,11.341850,31.475547,,,,,,40.466667,38.562500,40.466667,43.620556,44.922126,-51.410703,-84.477026,28.000000,92.000000
2023-01-12,42.100000,43.000000,41.550000,41.850000,44.676331,71.801029,36.059390,,,52.912464,34.389554,57.167926,23.632629,14.897492,33.922440,,,,,,40.238889,39.675000,40.238889,43.298333,44.695845,-11.549531,-77.531550,24.000000,88.000000
2023-01-19,42.750000,42.750000,41.700000,41.900000,44.816502,72.224077,36.639878,,,70.760170,37.853422,75.984560,43.057165,20.763704,37.928356,,,,,,40.061111,40.587500,40.061111,42.986111,44.479324,-3.540809,-70.484813,20.000000,84.000000
2023-01-26,42.300000,47.700000,42.300000,44.700000,52.130871,87.710803,38.547699,,,77.245303,41.605030,94.415698,65.502959,29.957621,43.308103,,,,,,40.461111,42.437500,40.461111,42.948333,44.393527,83.333333,-55.835465,16.000000,80.000000
2023-02-02,45.100000,49.450000,44.700000,49.000000,60.737623,94.620331,41.263209,,,84.851737,45.723764,109.291328,84.214878,40.885335,49.592220,,,,,,41.294444,44.362500,41.294444,43.130556,44.502222,156.411523,-35.621467,12.000000,76.000000
2023-02-09,49.000000,50.000000,47.000000,49.300000,61.260947,94.919278,44.355634,,,92.416804,50.170720,120.248623,99.985052,54.078219,56.321401,,,,,,42.333333,46.225000,42.333333,43.259444,44.625507,162.219247,-16.779494,8.000000,72.000000
2023-02-16,49.750000,49.950000,48.000000,49.300000,61.260947,94.919278,47.904296,,,94.819629,54.422997,126.757594,112.678311,69.025369,63.029610,,,,,,43.655556,48.075000,43.655556,43.313889,44.750435,142.775170,-1.583812,4.000000,68.000000
2023-02-23,49.000000,49.000000,46.450000,48.000000,57.414940,61.563717,50.693983,,,83.800758,57.220879,108.907941,116.301371,81.316649,67.398975,,,,,,44.738889,48.900000,44.738889,43.330556,44.821353,96.448617,7.752610,28.000000,64.000000
2023-03-02,47.600000,48.200000,46.200000,47.700000,56.532896,54.887144,53.559307,,,70.456713,58.481435,96.244629,113.039697,91.495772,70.146180,,,,,,45.894444,48.575000,45.894444,43.463889,44.884251,73.465052,14.010938,24.000000,60.000000
2023-03-09,47.750000,47.750000,45.800000,46.150000,52.081050,29.822093,54.545790,,,48.757652,57.555360,57.635993,97.386539,94.072699,68.954734,,,,,,46.433333,47.787500,46.433333,43.450000,44.886860,51.031895,17.536743,20.000000,56.000000
2023-03-16,46.000000,46.250000,43.900000,44.050000,46.713750,15.467396,54.772170,,,33.392211,55.254108,35.429630,74.554548,91.657333,65.761867,,,,,,46.677778,46.475000,46.677778,43.458333,44.809082,14.154777,17.214651,16.000000,52.000000
2023-03-23,44.100000,47.900000,44.000000,46.450000,52.711745,53.684871,55.649419,,,32.991453,53.133855,40.886696,57.549237,87.757570,63.392803,,,,,,47.183333,46.087500,47.183333,43.622222,44.852174,33.084296,18.726046,12.000000,48.000000
2023-03-30,46.800000,53.000000,46.800000,51.000000,61.548438,79.736729,56.695815,,,49.629665,52.800123,59.047232,48.249888,83.827741,62.978939,,,,,,47.883333,46.912500,47.883333,44.172222,45.096715,111.477210,27.559490,100.000000,44.000000
2023-04-06,51.300000,53.600000,50.900000,51.500000,62.380382,81.456090,56.878344,47.722344,46.802711,71.625897,54.593054,73.268655,52.158053,79.825221,63.958912,,,,,,48.161111,48.250000,48.161111,44.727778,45.364058,143.213115,38.574121,100.000000,40.000000
2023-04-13,51.800000,53.900000,50.200000,52.500000,64.055433,85.218715,57.188842,48.554762,47.552829,82.137178,57.216304,84.931664,64.533562,75.901115,65.956317,,,,,,48.516667,50.362500,48.516667,45.425000,45.675362,134.892270,47.747278,100.000000,36.000000
2023-04-20,52.600000,53.500000,51.800000,51.800000,61.975189,70.251684,57.268202,49.273005,48.179888,78.975496,59.288608,79.689738,74.234322,70.671353,67.264262,,,,,,48.794444,51.700000,48.794444,46.225000,45.952850,122.163526,54.834540,96.000000,32.000000
2023-04-27,52.600000,53.200000,52.000000,52.700000,63.611448,77.778480,57.956703,50.045695,48.850825,77.749626,61.046800,83.946135,80.459048,67.897819,68.853011,,,,,,49.316667,52.125000,49.316667,47.027778,46.268599,112.841814,60.359042,92.000000,28.000000
2023-05-04,52.800000,55.600000,52.800000,54.800000,67.162203,88.214869,59.137737,50.944929,49.646972,78.748344,62.732661,89.377651,84.486297,67.134822,70.807739,,,,,,50.105556,52.950000,50.105556,48.000000,46.668502,134.187563,67.390330,100.000000,24.000000
2023-05-11,54.900000,57.100000,54.300000,56.100000,69.167910,91.793688,61.036277,51.895503,50.495709,85.929012,64.941838,103.015873,89.007349,72.177030,73.875180,,,,,,51.211111,53.850000,51.211111,48.822222,47.112174,138.457183,74.158602,100.000000,20.000000
2023-05-18,56.100000,57.100000,54.600000,56.000000,68.819695,88.686201,63.492494,52.795416,51.292404,89.564919,67.286893,111.670865,97.002631,80.648279,77.474769,,,49.325423,50.828308,47.822538,52.538889,54.900000,52.538889,49.608333,47.538357,115.738251,78.118568,100.000000,16.000000
2023-05-25,56.000000,69.900000,55.400000,67.000000,80.468073,98.282075,66.576530,54.165100,52.560911,92.920655,69.728204,120.676983,106.185343,89.513866,81.589266,,,49.945115,51.707462,48.182769,54.822222,58.475000,54.822222,51.002778,48.428599,218.679750,91.505347,100.000000,12.000000
2023-06-01,68.700000,68.700000,61.200000,63.500000,71.336289,69.961511,67.664069,55.089402,53.377232,85.643263,71.243924,95.431114,107.698709,93.556520,82.907537,,,50.719346,52.596846,48.841846,56.211111,60.650000,56.211111,52.047222,49.141546,177.099847,99.657205,96.000000,8.000000
2023-06-08,64.000000,67.000000,63.000000,65.200000,72.942439,75.173617,68.837631,56.052218,54.227893,81.139068,72.186318,91.701126,104.870022,95.604572,83.745022,73.707159,71.564995,51.515577,53.435308,49.595846,57.733333,62.925000,57.733333,52.947222,49.909565,144.915576,103.967526,92.000000,4.000000
2023-06-15,65.400000,66.700000,63.700000,64.500000,71.173925,67.897052,69.628575,56.907863,54.964677,71.010727,72.074357,78.129219,96.484610,94.848745,83.210183,73.899422,72.139075,52.390269,54.318154,50.462385,59.066667,65.050000,59.066667,53.791667,50.627729,117.445366,105.251130,88.000000,4.000000
2023-06-22,64.800000,65.000000,60.800000,62.400000,66.003777,47.295720,70.076196,57.514589,55.444638,63.455463,71.253510,67.484051,83.186377,93.492557,81.712457,73.620493,72.247379,53.129231,55.067769,51.190692,60.244444,63.900000,60.244444,54.519444,51.237681,74.552934,102.327492,84.000000,4.000000
2023-07-06,62.700000,71.400000,62.400000,68.100000,71.958070,76.422394,71.003598,58.363805,56.162613,63.871722,70.550483,72.218344,77.383185,92.189470,80.808255,73.559530,72.575002,53.906269,55.925846,51.886692,61.955556,65.050000,61.955556,55.636111,52.081836,107.509201,102.820988,100.000000,4.000000
2023-07-13,68.200000,69.800000,66.600000,68.400000,72.233714,77.408074,71.567099,59.204420,56.861357,67.042063,70.216347,72.113574,72.486297,90.271239,79.980190,73.496663,72.924606,54.645500,56.679846,52.611154,63.466667,65.850000,63.466667,56.786111,52.920580,100.939926,102.641839,96.000000,4.000000
2023-07-20,69.200000,69.200000,63.800000,65.900000,66.378145,50.840333,71.257125,59.771577,57.275130,68.223601,70.026562,65.433836,69.312451,86.095457,78.594823,73.146105,73.020734,55.295769,57.364846,53.226692,64.555556,66.200000,64.555556,57.883333,53.632850,68.975225,99.435495,92.000000,4.000000
2023-07-27,66.000000,66.000000,62.700000,63.100000,60.466025,32.246736,70.328940,60.066906,57.413865,53.498381,68.452450,45.144711,63.727616,78.703662,75.409098,71.928653,72.269869,55.808077,57.897538,53.718615,65.344444,66.375000,65.344444,58.941667,54.207343,34.660926,93.266489,88.000000,28.000000
2023-08-03,63.400000,64.200000,58.000000,61.500000,57.324058,24.550633,67.757383,60.212735,57.409960,35.879234,65.350239,12.735219,48.856835,66.710133,69.440157,69.355025,70.146630,56.143615,58.331000,53.956231,64.733333,64.725000,64.733333,59.777778,54.697295,-11.077252,83.328989,84.000000,24.000000
2023-08-10,62.000000,64.600000,59.200000,63.200000,59.719047,45.341169,66.466578,60.452543,57.510355,34.046179,62.368900,22.428938,36.435676,58.598780,64.962898,67.314761,68.495669,56.474269,58.720385,54.228154,64.700000,63.425000,64.700000,60.455556,55.247633,-5.921565,74.828937,80.000000,20.000000
2023-08-17,64.000000,64.700000,62.000000,62.300000,57.867505,37.200752,64.791585,60.594742,57.525884,35.697518,59.828768,20.622584,25.232863,50.701164,60.740011,65.284666,66.777202,56.838000,59.074615,54.601385,64.377778,62.525000,64.377778,61.055556,55.741643,-6.206956,67.111233,76.000000,16.000000
2023-08-24,62.200000,62.900000,61.100000,62.200000,57.653616,36.119941,63.289329,60.713289,57.531437,39.553954,57.897833,26.033645,20.455096,44.912767,57.434643,63.578100,65.301074,57.141077,59.358615,54.923538,64.122222,62.300000,64.122222,61.594444,56.215266,-50.938967,55.868356,72.000000,12.000000
2023-08-31,62.500000,66.500000,62.200000,66.400000,63.719114,77.430480,63.035477,61.084956,57.800467,50.250391,57.169505,47.965728,29.262724,42.744064,56.532842,62.899301,64.785370,57.304154,59.334385,55.273923,64.566667,63.525000,64.566667,62.405556,56.856812,29.292929,53.337363,68.000000,8.000000
2023-09-07,66.000000,66.400000,62.800000,64.000000,58.557568,49.816788,61.546533,61.219293,57.833384,54.455736,56.911051,41.055234,33.919298,39.281496,55.058784,61.949559,63.973705,57.413385,59.369154,55.457615,64.111111,63.725000,64.111111,63.033333,57.376522,1.531059,48.403430,64.000000,4.000000
2023-09-14,64.500000,69.400000,61.600000,67.800000,63.587047,72.829671,60.585792,61.562762,58.083543,66.692313,57.842600,58.045646,43.275063,37.718393,55.343247,61.779824,63.918731,57.552231,59.597000,55.507462,64.044444,65.100000,64.044444,63.755556,58.045700,70.449173,50.503024,60.000000,4.000000
2023-09-21,67.700000,68.000000,65.000000,65.000000,58.001378,48.332440,59.655040,61.643270,58.079971,56.992966,57.761683,48.616199,48.920702,35.849767,54.702576,61.207492,63.438142,57.751038,59.783000,55.719077,63.944444,65.800000,63.944444,64.250000,58.571401,55.025011,50.933690,56.000000,4.000000
2023-09-28,64.800000,65.700000,63.400000,65.500000,58.699069,52.602801,59.458711,61.742527,58.106888,57.921637,57.776916,56.154681,50.967940,37.073097,54.840871,60.987805,63.274982,57.984231,59.974385,55.994077,64.211111,65.575000,64.211111,64.777778,59.100870,12.054795,47.230938,52.000000,8.000000
2023-10-05,65.400000,68.900000,64.700000,68.200000,62.337511,71.609447,60.015762,61.982317,58.290828,57.514896,57.751962,62.528349,56.336219,42.605667,55.573012,61.054785,63.358999,58.164077,60.065769,56.262385,64.955556,66.625000,64.955556,64.844444,59.726860,90.695574,51.370427,48.000000,4.000000
2023-10-12,68.400000,68.500000,63.000000,65.300000,56.572744,43.503332,59.666173,61.949489,58.216129,55.905193,57.576079,52.758889,55.014530,45.975662,55.305001,60.694094,62.980246,58.251615,60.212000,56.291231,65.188889,66.000000,65.188889,64.944444,60.202899,34.115870,49.727136,44.000000,4.000000
2023-10-19,65.300000,67.500000,64.600000,65.000000,55.995849,41.005912,59.458211,61.870697,58.119595,52.039564,57.048792,50.167908,55.402457,49.258476,54.815754,60.236434,62.449144,58.420692,60.335154,56.506231,65.488889,66.000000,65.488889,64.933333,60.642512,50.341375,49.785635,40.000000,4.000000
2023-10-26,64.900000,64.900000,60.700000,62.000000,50.454984,22.033003,58.658363,61.531966,57.786351,35.514082,54.997867,28.315450,48.442649,49.512010,52.291915,58.848565,60.930035,58.513231,60.443462,56.583000,65.466667,65.125000,65.466667,64.794444,60.928986,-77.051852,37.705874,36.000000,4.000000
2023-11-02,62.000000,65.200000,61.500000,64.200000,54.046106,48.330499,57.583584,61.332920,57.623732,37.123138,53.295512,27.450130,39.673094,47.232499,49.926031,57.483415,59.347407,58.742308,60.631769,56.852846,65.222222,64.125000,65.222222,64.894444,61.289855,-27.763196,31.470725,32.000000,4.000000
2023-11-09,64.300000,65.700000,61.300000,63.000000,51.838966,37.877617,56.837073,61.014025,57.372220,36.080373,51.655975,29.361771,33.823815,45.933225,47.967530,56.260735,57.813868,58.937308,60.811923,57.062692,65.111111,63.550000,65.111111,64.611111,61.572657,-52.715838,23.452957,28.000000,4.000000
2023-11-16,64.000000,67.100000,62.500000,66.800000,57.726348,69.357481,56.185884,60.932233,57.387617,51.855199,51.674949,45.994500,32.780463,44.594209,47.779622,55.814377,56.973467,59.119615,61.035385,57.203846,65.000000,64.000000,65.000000,64.522222,61.996715,42.277719,25.245791,24.000000,4.000000
2023-11-23,67.100000,72.900000,66.600000,70.900000,62.984096,83.164541,56.739519,61.052969,57.630942,63.466547,52.797958,68.449264,42.813917,46.797883,49.748160,56.363720,57.069396,59.579731,61.597308,57.562154,65.655556,66.225000,65.655556,64.800000,62.570531,225.499730,44.317595,100.000000,36.000000
2023-11-30,71.000000,73.500000,70.300000,70.500000,62.171671,78.019962,57.125364,61.119270,57.828365,76.847328,55.088374,80.319930,56.031367,49.482910,52.659757,57.405295,57.648586,60.047962,62.047462,58.048462,66.211111,67.800000,66.211111,65.211111,63.098357,218.994413,60.953482,100.000000,32.000000
2023-12-07,71.700000,77.600000,71.000000,74.000000,66.271301,87.869173,57.562452,61.346912,58.195449,83.017892,57.748328,86.951682,70.428844,52.196614,55.925655,58.689920,58.493744,60.607308,62.680385,58.534231,66.855556,70.550000,66.855556,65.905556,63.750725,210.696032,75.214678,100.000000,28.000000
2023-12-14,74.000000,78.200000,73.800000,77.300000,69.614933,92.574805,59.011584,61.699200,58.691949,86.154646,60.453692,99.196835,83.729428,57.356386,60.046719,60.451090,59.860703,61.224346,63.238462,59.210231,68.188889,73.175000,68.188889,66.688889,64.515556,185.887265,85.754924,100.000000,24.000000
2023-12-21,77.200000,78.000000,75.000000,76.000000,66.805336,75.311966,60.212638,61.912439,59.044705,85.251981,62.815434,96.061467,90.632479,62.455670,63.476695,61.999368,61.086723,61.832692,63.850385,59.815000,69.411111,74.450000,69.411111,67.450000,65.192367,136.800630,90.616420,96.000000,20.000000
2023-12-28,76.000000,83.400000,75.100000,82.900000,73.027637,90.063673,62.720710,62.390350,59.652658,85.983481,65.021915,108.556134,97.691530,71.371302,67.769975,64.023575,62.868771,62.656269,64.810231,60.502308,71.733333,77.550000,71.733333,68.600000,66.143092,154.198966,96.671900,100.000000,16.000000
2024-01-04,82.400000,83.300000,78.600000,80.500000,68.236420,68.659073,64.297412,62.648578,60.025865,78.011570,66.259025,92.201884,99.004080,78.565941,70.096824,65.248719,63.951062,63.478692,65.646000,61.311385,73.544444,79.175000,73.544444,69.383333,66.957005,128.899958,99.741239,96.000000,12.000000
2024-01-11,81.600000,85.200000,80.600000,82.000000,69.579760,74.369685,66.268611,62.958473,60.441252,77.697477,67.348401,95.438271,98.064439,85.907774,72.510295,66.561308,65.207453,64.417154,66.571000,62.263308,75.655556,80.350000,75.655556,70.383333,67.805990,122.463768,101.905290,100.000000,8.000000
2024-01-18,81.700000,92.000000,80.600000,88.200000,74.399186,87.965285,68.121149,63.466155,61.048119,76.998014,68.267412,93.670852,97.466785,91.205147,74.525586,67.739984,66.400014,65.493077,67.839615,63.146538,78.033333,83.400000,78.033333,71.516667,68.891691,137.520354,105.297201,100.000000,4.000000
2024-01-25,89.200000,91.400000,86.900000,90.900000,76.169775,91.062248,69.586224,64.033557,61.705582,84.465739,69.810110,97.651418,94.740606,94.449831,76.728046,69.040481,67.768129,66.813462,69.170769,64.456154,80.255556,85.400000,80.255556,72.955556,70.055652,137.948218,108.406821,96.000000,4.000000
2024-02-01,91.900000,95.000000,82.500000,86.300000,67.592644,54.935010,70.188555,64.204766,61.961541,77.987514,70.588910,83.408487,92.542257,94.793004,77.364279,69.665177,68.478325,68.109231,70.668462,65.550000,82.011111,86.850000,82.011111,74.111111,70.976329,107.361895,108.307304,100.000000,44.000000
2024-02-08,86.300000,94.700000,83.500000,93.800000,72.942429,77.127466,70.929791,64.588401,62.438971,74.374908,70.949481,81.046035,88.944198,94.136820,77.714922,70.159997,69.039448,69.429615,72.151538,66.707692,84.211111,89.800000,84.211111,75.533333,72.182222,113.206723,108.773916,96.000000,40.000000
2024-02-15,94.000000,108.400000,92.500000,108.000000,79.756305,90.464098,72.056610,65.248746,63.191899,74.175525,71.256724,84.316897,86.605709,92.483494,78.343682,70.775514,69.703982,71.223077,74.210769,68.235385,87.622222,94.750000,87.622222,77.905556,73.959807,188.772147,116.392795,100.000000,36.000000
2024-02-22,108.400000,115.400000,105.400000,113.000000,81.520928,92.709374,73.691676,65.968221,63.988813,86.766979,72.733891,101.482572,87.563498,93.085839,80.547385,72.110604,71.090434,73.299231,76.389231,70.209231,91.733333,100.275000,91.733333,80.572222,75.899710,198.943839,124.254799,100.000000,32.000000
2024-02-29,113.400000,122.000000,112.000000,120.000000,83.667422,95.121550,74.873874,66.762528,64.844405,92.765008,74.641616,103.404792,92.562574,92.513468,82.724281,73.471220,72.533202,75.607885,78.856923,72.358846,95.855556,108.700000,95.855556,83.794444,78.084541,191.427029,130.652154,100.000000,28.000000
2024-03-07,121.000000,135.200000,117.200000,135.000000,87.119998,97.635813,76.972050,67.687999,65.812909,95.155579,76.595327,114.039157,100.810854,94.939831,85.706650,75.235044,74.420484,78.262115,81.790769,74.733462,101.911111,119.000000,101.911111,87.727778,80.856329,185.488059,135.874622,100.000000,24.000000
2024-03-14,135.200000,163.200000,135.000000,152.000000,89.761579,98.739872,79.214474,68.704027,66.854155,97.165745,78.554414,117.347563,109.068521,97.374197,88.720071,77.066023,76.418423,81.909231,85.995000,77.823462,109.688889,130.000000,109.688889,92.672222,84.286860,197.437956,141.737796,100.000000,20.000000
2024-03-21,151.000000,157.600000,138.400000,154.600000,90.096129,98.861810,80.958579,69.709334,67.864676,98.412498,80.445660,114.109441,112.225238,99.645151,91.138106,78.676606,78.243301,85.502692,89.962692,81.042692,117.066667,140.400000,117.066667,97.550000,87.734493,152.264410,142.740331,96.000000,16.000000
2024-03-28,142.000000,150.000000,122.000000,125.000000,64.325915,37.271490,79.642594,69.572039,67.710817,78.291057,80.240460,66.447197,102.985840,96.178016,88.786591,78.144893,77.972013,88.441923,93.379615,83.504231,120.855556,141.650000,120.855556,100.555556,89.798744,79.322009,136.700491,92.000000,12.000000
2024-04-04,125.000000,130.200000,121.400000,130.000000,66.090321,45.823435,79.475669,69.516136,67.640360,60.652245,78.374916,59.149922,89.263531,93.482620,85.964051,77.319025,77.418784,90.838846,95.878077,85.799615,125.711111,140.400000,125.711111,103.861111,92.013816,54.168072,128.840260,88.000000,8.000000
2024-04-18,124.200000,140.000000,123.400000,139.000000,69.056967,60.400091,79.043951,69.591854,67.701952,47.831672,75.466035,43.946211,70.913193,89.360417,81.962352,75.868033,76.255269,93.421346,98.735000,88.107692,130.733333,137.150000,130.733333,107.472222,94.548696,65.682316,122.825218,84.000000,4.000000
2024-04-25,138.000000,140.000000,131.000000,135.000000,66.281497,51.213764,77.546751,69.557925,67.640193,52.479097,73.276803,39.004289,52.136905,84.325683,77.871108,74.265261,74.951023,96.030769,101.327308,90.734231,133.733333,132.250000,133.733333,110.677778,96.840097,61.023502,116.939340,80.000000,8.000000
2024-05-02,141.000000,148.400000,135.200000,145.000000,69.573811,68.932737,76.219293,69.672024,67.724263,60.182198,72.029698,48.235081,47.583876,78.409295,75.048629,73.133514,74.102636,98.821731,104.332308,93.311154,137.288889,137.250000,137.288889,114.511111,99.497198,77.205502,113.155165,76.000000,4.000000
2024-05-09,145.600000,164.000000,142.400000,162.200000,74.233906,83.961526,75.171125,69.991990,68.007291,68.036009,71.649347,58.602494,47.447019,73.431262,73.482330,72.501731,73.747001,102.132885,107.880769,96.385000,141.977778,145.300000,141.977778,118.916667,102.825024,115.573528,113.385486,100.000000,4.000000
2024-05-16,162.200000,177.800000,162.200000,167.000000,75.367739,86.662392,73.865318,70.358297,68.327311,79.852218,72.430572,68.099959,53.485456,68.326906,72.969724,72.310349,73.823166,106.190000,112.064231,100.315769,145.533333,152.300000,145.533333,123.722222,106.267150,151.925447,117.055958,100.000000,4.000000
2024-05-23,166.800000,168.000000,149.400000,157.800000,69.092072,58.392030,71.568706,70.442701,68.360561,76.338649,72.802770,55.669143,57.651669,61.473749,71.322049,71.586819,73.358266,109.278077,115.264231,103.291923,146.177778,158.000000,146.177778,127.933333,109.208213,95.288788,114.982894,96.000000,4.000000
2024-05-30,173.400000,173.400000,138.600000,149.600000,63.978557,40.659235,68.666754,70.307548,68.170039,61.904552,71.764845,35.786980,54.539644,52.771253,67.937757,70.030304,72.044913,111.855192,118.444615,105.265769,145.622222,159.150000,145.622222,131.344444,111.706087,64.228203,110.149114,92.000000,4.000000
2024-06-06,154.800000,166.800000,152.400000,154.400000,65.584244,53.151426,68.806568,70.250184,68.057613,50.734230,69.761929,51.992559,52.887160,51.165182,66.419167,69.246054,71.471250,114.354231,121.073846,107.634615,148.888889,157.200000,148.888889,134.872222,114.334203,73.814018,106.688629,88.000000,4.000000
2024-06-13,155.600000,169.600000,151.000000,159.400000,67.223244,64.747188,68.932449,70.264847,68.021337,52.852616,68.151518,53.985540,49.358555,50.591362,65.235012,68.582554,70.997224,116.535769,123.330769,109.740769,152.155556,155.300000,152.155556,138.933333,117.094203,76.036484,103.769377,84.000000,4.000000
2024-06-27,161.000000,165.000000,154.600000,162.800000,68.327814,71.853281,68.851432,70.321006,68.034662,63.250632,67.684767,62.521479,51.071639,52.655280,64.976580,68.319029,70.885784,117.816731,124.301923,111.331538,154.800000,156.550000,154.800000,142.766667,119.908986,73.450112,100.881828,80.000000,4.000000
2024-07-04,163.000000,177.200000,159.800000,170.200000,70.646415,83.024549,69.336423,70.467343,68.148216,73.208339,68.210822,77.573257,61.518209,56.940721,66.176264,68.721386,71.380666,119.554615,126.063077,113.046154,158.711111,161.700000,158.711111,146.222222,122.947633,106.795926,101.445075,76.000000,4.000000
2024-07-11,170.000000,171.800000,164.000000,165.600000,67.345985,60.598456,69.088886,70.459624,68.113337,71.825428,68.555070,69.597602,65.919469,59.314335,66.502105,68.759483,71.475501,121.719615,127.854615,115.584615,161.000000,164.500000,161.000000,149.144444,125.682899,82.844025,99.673547,72.000000,8.000000
2024-07-18,165.800000,168.800000,159.200000,161.200000,64.253847,43.672835,67.979991,70.308307,67.945533,62.431947,67.971915,52.451887,65.536056,58.630934,65.163989,68.050457,70.777552,124.066538,130.230000,117.903077,160.888889,164.950000,160.888889,151.433333,128.127053,55.979008,95.512162,68.000000,4.000000
2024-07-25,160.200000,161.200000,154.000000,156.000000,60.706390,29.209931,66.350952,69.996376,67.630787,44.493741,65.735899,29.832392,57.363785,54.378982,61.799075,66.388802,69.070622,125.873077,131.873077,119.873077,159.666667,163.250000,159.666667,152.600000,130.249469,8.118606,87.188966,64.000000,8.000000
2024-08-01,156.200000,159.000000,145.000000,150.000000,56.809053,18.567565,64.986172,69.517906,67.160277,30.483444,62.378522,18.200424,42.520576,50.215791,57.646823,64.293655,66.875473,127.276538,133.412308,121.140769,158.800000,158.200000,158.800000,152.488889,132.024444,-59.041835,73.262223,60.000000,4.000000
2024-08-08,141.000000,149.400000,136.000000,140.000000,50.939297,9.716905,63.537365,68.785918,66.455017,19.164800,58.262930,6.125540,26.652561,46.920076,52.740034,61.764606,64.177412,128.003846,134.188462,121.819231,157.733333,151.800000,157.733333,151.677778,133.281546,-171.668131,49.935523,56.000000,4.000000
2024-08-15,140.000000,145.600000,134.400000,145.400000,53.720119,34.865628,62.219129,68.187056,65.901326,21.050033,54.718844,9.185908,15.836066,42.163781,48.592022,59.478576,61.662575,128.168462,134.191538,122.145385,156.733333,147.850000,156.733333,152.811111,134.703671,-168.479203,29.134120,52.000000,4.000000
2024-08-22,146.000000,153.000000,144.800000,151.000000,56.475324,54.556559,61.024916,67.712122,65.491500,33.046364,52.654798,22.298444,13.952579,38.642993,46.087872,57.862049,59.755945,128.085385,133.986923,122.183846,155.800000,146.600000,155.800000,153.977778,136.291594,-74.301676,19.283092,48.000000,4.000000
2024-08-29,151.800000,154.000000,144.800000,148.800000,55.087812,46.307035,59.553805,67.179010,65.039165,45.243074,51.948920,32.003072,17.403241,35.252059,44.746462,56.737745,58.303966,128.448462,134.193846,122.703077,154.244444,146.300000,154.244444,154.522222,137.701256,-65.231453,11.234088,44.000000,4.000000
2024-09-05,147.200000,156.000000,140.000000,147.600000,54.304105,41.208780,57.737992,66.618828,64.572424,47.357458,51.511638,31.015148,23.625643,30.078935,43.438718,55.619371,56.838527,128.849615,134.285385,123.413846,151.733333,148.200000,151.733333,155.222222,138.980870,-67.202501,3.763937,40.000000,4.000000
2024-09-12,147.000000,147.000000,137.600000,145.000000,52.559387,30.349345,56.095037,65.984981,64.050118,39.288387,50.347519,24.501789,27.454613,25.068289,41.635201,54.266433,55.110908,128.796923,134.116923,123.476923,149.444444,148.100000,149.444444,155.222222,140.067923,-93.768905,-5.524906,36.000000,16.000000
2024-09-19,146.000000,148.600000,141.600000,148.600000,54.728258,54.986138,55.036638,65.448753,63.644820,42.181421,49.569795,32.655832,30.043960,22.868728,40.780023,53.326842,53.762610,128.828846,133.923846,123.733846,148.044444,147.500000,148.044444,154.466667,141.234203,-59.297358,-10.646091,32.000000,12.000000
2024-09-26,148.800000,153.200000,147.200000,150.000000,55.578777,62.685480,54.466904,64.945375,63.294122,49.340321,49.547940,44.212707,33.096369,24.466541,41.106945,52.930575,52.912591,129.115000,134.133077,124.096923,147.377778,147.800000,147.377778,153.522222,142.377681,-22.744958,-11.798364,28.000000,8.000000
2024-10-03,150.000000,150.600000,143.200000,150.000000,55.578777,62.685480,54.330206,64.440516,62.958672,60.119032,50.554711,58.888757,40.064771,28.987466,42.800451,53.189626,52.684466,128.912692,133.755385,124.070000,147.377778,148.400000,147.377778,153.088889,143.438261,-36.963696,-14.195063,24.000000,4.000000
2024-10-10,148.800000,153.400000,143.400000,151.400000,56.526008,73.055162,54.950952,63.973228,62.678991,66.142040,52.039219,71.728751,51.871512,36.276712,45.555527,53.995675,52.986072,128.820385,133.727692,123.913077,148.644444,150.000000,148.644444,153.188889,144.475652,-12.812581,-14.063398,20.000000,4.000000
2024-10-17,151.400000,167.400000,150.600000,164.000000,63.972142,94.329362,56.090066,63.830845,62.735215,76.690001,54.386912,86.942025,65.443060,44.916281,49.497098,55.428125,53.924262,129.336538,134.412308,124.260769,150.711111,153.850000,150.711111,153.722222,145.979130,153.823616,1.925842,16.000000,4.000000
2024-10-24,162.000000,167.200000,152.800000,157.800000,58.649003,59.598003,56.331586,63.456066,62.557554,75.660842,56.413001,77.834522,73.848513,51.086956,52.195901,56.402316,54.448605,130.135000,135.392308,124.877692,151.466667,155.800000,151.466667,153.633333,147.123092,148.804055,15.914243,12.000000,60.000000
2024-10-31,161.000000,167.600000,157.800000,166.600000,63.314968,77.351790,57.245714,63.287559,62.590485,77.093052,58.382529,85.320208,80.456376,57.011082,55.350597,57.659616,55.300815,131.286538,136.480000,126.093077,153.444444,159.950000,153.444444,153.844444,148.565314,186.653807,32.175154,8.000000,56.000000
2024-11-07,171.000000,174.000000,158.400000,160.000000,58.026523,51.762591,57.659316,62.891975,62.392052,62.904128,58.813158,66.626546,79.180825,60.967904,56.424497,58.049483,55.341833,132.973846,138.256923,127.690769,154.822222,162.100000,154.822222,153.277778,149.631111,139.267814,42.374455,4.000000,52.000000
2024-11-14,162.400000,162.400000,143.400000,143.800000,47.531985,23.337466,57.100716,62.051304,61.745962,50.817282,58.051646,45.789880,68.892789,63.333247,55.411676,57.516456,54.508378,134.176154,139.658462,128.693846,154.688889,157.050000,154.688889,152.066667,149.912657,-20.289855,36.406425,24.000000,48.000000
2024-11-21,143.000000,146.000000,136.000000,142.000000,46.525131,21.380625,56.189257,61.185479,61.084187,32.160227,55.585797,23.957101,55.423434,62.366722,52.416002,56.057354,52.774243,134.480769,140.015385,128.946154,153.955556,153.100000,153.955556,151.000000,150.050435,-115.730337,21.917210,20.000000,44.000000
2024-11-28,142.000000,144.000000,135.800000,143.800000,47.717798,30.164198,55.315815,60.397114,60.503039,24.960763,52.669127,17.099784,38.368328,59.354175,49.052553,54.363547,50.823702,134.704231,140.240769,129.167692,153.266667,147.400000,153.266667,150.322222,150.209372,-104.451189,9.882124,16.000000,40.000000
2024-12-05,143.800000,148.000000,138.200000,143.800000,47.717798,30.164198,54.442373,59.628575,59.947159,27.236341,50.246957,19.375362,26.555532,54.963797,46.226154,52.842321,49.044662,135.139615,140.587692,129.691538,152.577778,143.350000,152.577778,149.977778,150.307150,-74.497111,1.846007,12.000000,36.000000
2024-12-12,146.000000,146.200000,137.400000,141.800000,46.384673,23.578548,53.315558,58.823196,59.357486,27.968981,48.125245,17.827647,19.564973,48.974786,43.521534,51.319944,47.271821,135.716154,141.170000,130.262308,151.511111,142.850000,151.511111,150.077778,150.258261,-82.612486,-6.197659,8.000000,32.000000
2024-12-19,142.000000,144.400000,135.000000,135.000000,42.080094,11.156340,50.883108,57.857729,58.606295,21.633028,45.602176,-0.259020,13.510943,39.285781,39.351957,49.077380,44.785881,136.086154,141.608462,130.563846,148.288889,141.100000,148.288889,149.500000,149.861932,-110.947491,-16.173834,4.000000,28.000000
2024-12-26,135.400000,141.400000,135.200000,137.800000,44.369400,32.968590,49.296486,57.024733,57.987299,22.567826,43.408429,8.288222,11.308053,31.558414,36.393506,47.303939,42.766160,136.188462,141.708462,130.668462,146.066667,139.600000,146.066667,148.766667,149.544734,-98.148148,-23.980911,72.000000,24.000000
2025-01-02,137.800000,142.400000,137.600000,139.200000,45.528706,43.392067,47.320234,56.264581,57.445622,29.172332,42.052610,11.386070,9.310730,23.343510,34.011846,45.742292,40.953708,136.488462,141.965385,131.011538,143.022222,138.450000,143.022222,148.233333,149.238647,-72.547032,-28.606256,68.000000,20.000000
2025-01-09,140.000000,141.400000,136.000000,137.400000,44.251841,33.381196,45.789714,55.475399,56.871979,36.580618,41.531468,22.805935,10.555302,18.474554,32.944616,44.745059,39.705076,136.685769,142.086154,131.285385,140.511111,137.350000,140.511111,147.666667,148.810435,-73.566294,-32.888165,64.000000,16.000000
2025-01-16,136.200000,141.400000,136.000000,139.800000,46.409921,54.414856,45.665040,54.814350,56.417107,43.729373,41.740792,42.607309,21.271884,18.120934,33.864873,44.652114,39.376804,136.458077,141.643846,131.272308,140.066667,138.550000,140.066667,147.377778,148.458164,-59.637913,-35.435760,60.000000,12.000000
2025-01-23,139.000000,163.600000,139.000000,160.800000,60.733509,91.138152,47.243749,54.809990,56.604776,59.644734,43.445930,73.853113,37.663107,23.664936,37.673276,45.921722,40.463930,136.781538,142.236923,131.326154,142.155556,144.300000,142.155556,148.055556,148.993043,62.442116,-26.114057,56.000000,8.000000
2025-01-30,160.000000,165.800000,152.200000,156.200000,57.131333,72.063262,48.289697,54.671172,56.627670,72.538757,46.216675,81.952291,55.304662,30.870770,41.890325,47.488269,41.931746,137.354231,142.923846,131.784615,143.533333,148.550000,143.533333,148.400000,149.288502,93.010620,-14.768850,52.000000,4.000000
2025-02-06,159.800000,161.000000,148.800000,150.200000,52.737586,51.127080,48.847451,54.370295,56.458536,71.442831,48.619166,76.462620,68.718833,37.213799,45.182925,48.748023,43.191883,137.628077,143.163077,132.093077,144.244444,151.750000,144.244444,148.411111,149.302609,69.169702,-6.774702,48.000000,72.000000
2025-02-13,150.600000,173.000000,150.600000,165.000000,60.755089,76.446135,50.444164,54.453778,56.645343,66.545492,50.326435,80.915908,78.295983,44.223605,48.586066,50.146627,44.685143,138.727692,144.400000,133.055385,146.822222,158.050000,146.822222,149.166667,149.961932,159.807644,9.090283,44.000000,68.000000
2025-02-20,163.800000,166.000000,154.600000,155.600000,54.438532,51.183970,51.817324,54.290977,56.549394,59.585728,51.208273,71.944166,77.818746,52.246182,50.810647,51.094346,45.820399,140.214615,145.940769,134.488462,149.111111,156.750000,149.111111,148.700000,150.202512,103.690446,18.099823,40.000000,64.000000
2025-02-27,155.000000,165.000000,150.400000,163.400000,58.311676,65.410926,53.366466,54.306127,56.626015,64.347010,52.459581,78.289286,76.902995,60.024077,53.427660,52.276735,47.226218,141.613846,147.501538,135.726154,151.955556,158.550000,151.955556,149.011111,150.752657,91.137340,25.055777,36.000000,60.000000
2025-03-06,162.600000,162.600000,139.800000,142.600000,46.869477,30.202283,53.515440,53.831305,56.201818,48.932393,52.123658,50.273164,70.355631,64.344866,53.127232,52.189623,47.395453,142.551923,148.753077,136.350769,152.333333,156.650000,152.333333,147.677778,150.366184,1.596351,22.821546,32.000000,56.000000
2025-03-13,143.000000,151.000000,135.800000,146.800000,49.043789,39.986482,54.047879,53.472455,55.890599,45.199897,51.464252,49.991845,62.624615,67.365522,52.828624,52.094067,47.546344,143.163462,149.533846,136.793077,153.377778,152.100000,153.377778,146.944444,150.158841,-29.723502,17.817255,28.000000,52.000000
2025-03-20,149.000000,149.800000,140.600000,145.000000,48.134623,36.680966,54.239513,53.090732,55.553383,35.623244,49.955585,37.347946,53.975560,66.781149,51.354273,51.452932,47.136884,143.920385,150.296923,137.543846,153.955556,149.450000,153.955556,147.011111,149.861836,-27.539173,13.497596,24.000000,48.000000
2025-03-27,145.000000,157.600000,142.000000,149.800000,50.756208,52.415438,53.130924,52.843704,55.344810,43.027629,49.295780,33.050328,42.665820,62.247506,49.611041,50.652818,46.551089,144.930385,151.530769,138.330000,152.733333,146.050000,152.733333,147.444444,149.773527,4.587353,12.649001,20.000000,44.000000
2025-04-03,148.200000,148.600000,145.400000,147.000000,49.194135,43.054055,52.249013,52.551444,55.077390,44.050153,48.796196,36.112956,39.125768,57.154246,48.325509,50.020650,46.123141,145.741923,152.312308,139.171538,151.711111,147.150000,151.711111,147.622222,149.575459,-28.710755,8.709977,16.000000,40.000000
2025-04-10,138.800000,140.800000,119.200000,138.600000,44.745122,23.869870,51.360961,52.091038,54.628161,39.779788,47.937491,31.787323,34.574638,52.190325,46.750443,49.227897,45.538027,145.797692,152.730769,138.864615,150.422222,145.100000,150.422222,147.333333,149.031498,-152.087432,-6.604062,12.000000,100.000000
2025-04-17,138.600000,142.400000,135.000000,135.200000,43.048095,18.787289,49.393517,51.580371,54.124679,28.570405,46.093006,10.863411,27.953504,44.406714,43.332631,47.559876,44.066252,146.241923,153.223846,139.260000,147.111111,142.650000,147.111111,146.966667,148.358261,-107.986111,-16.259496,8.000000,96.000000
2025-04-24,135.000000,137.400000,132.200000,133.800000,42.336083,16.603662,48.048801,51.058970,53.612132,19.753607,43.584492,7.651158,21.603712,37.263046,39.934395,45.824714,42.478895,146.006538,152.617692,139.395385,144.688889,138.650000,144.688889,146.900000,147.638068,-127.227414,-26.827869,4.000000,92.000000
2025-05-01,134.600000,138.200000,131.600000,133.000000,41.909511,15.099388,46.226338,50.541484,53.103322,16.830113,41.036456,0.427948,12.682460,28.611786,36.171877,43.850942,40.620327,145.453462,151.911538,138.995385,141.311111,135.150000,141.311111,146.633333,146.902995,-108.352668,-34.592135,56.000000,88.000000
2025-05-08,133.000000,133.000000,128.000000,128.400000,39.448225,8.476061,45.401755,49.941443,52.509622,13.393037,38.403749,5.971784,6.228575,23.689411,33.295677,42.204022,39.054542,144.833077,151.154615,138.511538,139.733333,132.600000,139.733333,146.033333,145.993430,-121.732746,-42.891241,52.000000,84.000000
2025-05-15,130.000000,132.600000,126.000000,129.400000,40.269470,19.929198,44.426830,49.405012,51.977442,14.501549,36.127349,5.727230,4.944530,18.771120,30.670111,40.618074,37.532761,143.895000,149.890000,137.900000,137.800000,131.150000,137.800000,145.588889,145.160580,-104.425557,-48.751652,48.000000,80.000000
2025-05-22,129.400000,132.200000,120.400000,120.600000,35.683038,7.515280,43.043321,48.698520,51.268989,11.973513,33.826984,-0.478072,2.912223,14.568230,27.703617,38.831285,35.810601,142.873462,148.878462,136.868462,135.088889,127.850000,135.088889,144.522222,143.984541,-119.672969,-55.506063,44.000000,76.000000
2025-05-29,120.600000,125.000000,112.000000,124.000000,38.593067,32.046468,41.691861,48.149144,50.717862,19.830316,32.493968,7.667175,4.722029,11.747879,25.795385,37.476324,34.510288,141.504615,147.467692,135.541538,132.222222,125.600000,132.222222,142.477778,142.999807,-131.455887,-62.739380,40.000000,100.000000
2025-06-05,124.000000,124.200000,114.600000,116.400000,34.802520,16.961603,40.092792,47.459754,50.025891,18.841117,31.193696,4.449502,4.341459,8.229718,23.762443,36.040375,33.113347,140.350769,146.058462,134.643077,128.822222,122.600000,128.822222,140.266667,141.720580,-133.274816,-69.457040,36.000000,96.000000
2025-06-12,117.800000,119.000000,110.200000,110.800000,32.286185,11.156984,38.708466,46.685986,49.254599,20.055018,30.132870,7.596082,4.808672,5.541802,22.222790,34.803667,31.877738,139.224615,144.804615,133.644615,125.733333,117.950000,125.733333,138.077778,140.236135,-147.281831,-76.868925,32.000000,100.000000
2025-06-19,100.200000,111.400000,100.200000,107.000000,30.665892,8.274655,37.332666,45.865465,48.446395,12.131081,28.418414,-0.251123,4.865409,4.306854,20.082417,33.279546,30.311192,137.552308,143.144615,131.960000,122.600000,114.550000,122.600000,134.855556,138.624348,-160.874422,-84.869449,28.000000,100.000000
2025-06-26,105.800000,128.200000,105.800000,126.000000,45.416046,68.775124,37.674884,45.705842,48.314640,29.402254,28.512113,32.482217,11.069169,7.065860,21.263351,33.244879,30.173995,136.043846,141.744615,130.343077,121.733333,115.050000,121.733333,133.211111,137.870531,-57.890793,-82.300053,24.000000,96.000000
2025-07-03,128.400000,130.000000,123.000000,125.000000,44.874937,65.371098,38.004376,45.530716,48.165088,47.473626,30.317971,50.439053,22.566557,12.622650,24.041989,33.992452,30.795022,135.090000,140.816923,129.363077,120.844444,117.200000,120.844444,131.077778,137.091981,-5.679436,-75.002851,20.000000,92.000000
2025-07-10,125.000000,126.900000,122.000000,124.700000,44.702863,63.946826,38.588224,45.359316,48.014557,66.031016,33.719214,71.285654,38.488950,19.879746,28.541386,35.613896,32.295234,134.787692,140.104615,129.470769,120.433333,120.675000,120.433333,130.083333,136.325507,-5.494505,-68.383009,16.000000,88.000000
2025-07-17,124.700000,125.700000,117.000000,118.500000,41.187776,38.167818,38.690258,45.045121,47.717740,55.828581,35.824868,56.746887,52.738453,25.548597,31.227624,36.532721,33.125372,134.086154,139.427692,128.744615,119.222222,123.550000,119.222222,128.511111,135.312754,-38.181818,-65.506705,12.000000,84.000000
2025-07-24,118.600000,119.800000,113.100000,114.200000,38.902991,26.890349,39.048031,44.644259,47.334490,43.001664,36.508372,46.221618,56.173303,30.737452,32.655623,36.953978,33.473027,133.263077,138.595385,127.930769,118.511111,120.600000,118.511111,126.800000,134.141159,-73.401181,-66.258560,8.000000,80.000000
2025-07-31,117.500000,117.500000,107.600000,108.000000,35.817789,16.406146,38.739667,44.122454,46.833764,27.154771,35.617553,24.379493,49.658413,32.594376,31.867420,36.407261,32.850040,132.226923,137.626154,126.827692,116.733333,116.350000,116.733333,124.477778,132.729758,-109.363548,-70.363797,4.000000,76.000000
2025-08-07,108.600000,114.400000,105.800000,111.500000,38.769861,37.154397,39.180482,43.747270,46.483159,26.816964,34.779402,30.784305,39.533076,35.520465,31.764266,36.162785,32.513519,131.198462,136.649231,125.747692,116.188889,113.050000,116.188889,122.505556,131.509758,-100.505644,-73.234449,4.000000,72.000000
2025-08-14,111.500000,112.000000,105.700000,106.700000,36.303702,24.595964,39.626873,43.281102,46.040574,26.052169,33.948237,30.069686,32.863775,38.017532,31.602878,35.897867,32.158902,130.070769,135.456923,124.684615,115.733333,110.100000,115.733333,120.733333,130.118261,-108.094145,-76.554420,4.000000,68.000000
2025-08-21,107.000000,114.900000,106.700000,107.600000,37.111466,31.141914,40.343048,42.868678,45.652352,30.964092,33.664032,37.409666,30.660787,42.202064,32.155905,35.963598,32.151260,129.019231,134.307692,123.730769,115.800000,108.450000,115.800000,119.200000,128.807729,-77.698446,-76.663375,4.000000,64.000000
2025-08-28,108.000000,109.400000,106.300000,106.300000,36.393539,26.211704,39.340547,42.443797,45.249795,27.316527,33.059508,18.294021,29.139419,40.625598,30.835726,35.195355,31.345660,128.218462,133.256923,123.180000,113.611111,108.025000,113.611111,117.672222,127.482995,-91.972445,-78.121382,12.000000,60.000000
2025-09-04,106.400000,108.400000,104.600000,106.400000,36.495309,27.535417,38.409477,42.049987,44.869165,28.296345,32.605873,19.916717,26.422522,37.234227,29.795820,34.531066,30.676940,127.341538,132.149231,122.533846,111.544444,106.750000,111.544444,116.194444,126.218357,-88.866540,-79.144730,8.000000,56.000000
2025-09-11,106.200000,106.500000,102.900000,106.000000,36.245495,24.859626,37.469770,41.666721,44.494223,26.202249,31.996004,17.744881,23.341321,31.285252,28.648112,33.801232,29.969750,126.538462,131.204615,121.872308,109.466667,106.575000,109.466667,114.950000,124.985990,-91.924959,-80.361895,4.000000,52.000000
2025-09-18,106.000000,110.300000,104.000000,110.100000,40.724323,69.872584,37.418275,41.504340,44.330314,40.755876,32.830278,40.292423,24.062010,29.456979,29.757094,34.083458,30.308179,126.181538,130.706154,121.656923,108.533333,107.200000,108.533333,113.877778,123.990435,-51.283485,-77.592522,4.000000,48.000000
2025-09-25,112.000000,119.900000,110.900000,117.100000,47.504962,88.111462,38.374050,41.653486,44.468343,60.947891,35.508146,69.549861,36.875971,32.049006,33.546881,35.625476,31.944114,125.778462,130.040000,121.516923,108.855556,109.900000,108.855556,113.683333,123.347440,27.602017,-67.573995,8.000000,44.000000
2025-10-02,120.000000,133.300000,118.000000,126.700000,55.092051,94.705325,40.515634,42.132532,44.930243,84.229791,40.148302,103.504052,57.772805,40.840624,40.209469,38.576718,35.033362,125.416154,129.829231,121.003077,110.933333,114.975000,110.933333,113.833333,123.147633,125.165890,-49.217815,4.000000,40.000000
2025-10-09,126.800000,134.600000,124.600000,134.200000,59.960796,96.791046,42.870183,42.814986,45.583745,93.202611,45.201094,114.393547,81.934971,50.130539,47.274619,41.873102,38.519209,125.319615,129.839231,120.800000,113.455556,122.025000,113.455556,114.822222,123.288696,163.936382,-28.917416,8.000000,36.000000
2025-10-16,131.000000,134.100000,129.100000,131.900000,57.888106,81.942499,45.268450,43.395493,46.118718,91.146290,49.576827,112.730694,100.044539,59.315096,53.508531,44.953867,41.838755,125.464615,129.895385,121.033846,116.255556,127.475000,116.255556,115.994444,123.339034,151.517094,-11.733177,4.000000,32.000000
2025-10-23,131.900000,138.000000,131.700000,132.000000,57.956156,82.121372,47.584526,43.969133,46.633389,86.951639,53.136333,107.796329,109.606155,67.135836,58.678797,47.686148,44.853564,125.997308,130.416923,121.577692,118.966667,131.200000,118.966667,117.383333,123.405217,141.408511,2.851746,100.000000,28.000000
2025-10-30,132.000000,146.000000,132.000000,145.400000,65.906451,94.022649,50.863739,44.877258,47.471348,86.028840,56.268952,115.541751,112.615580,77.941140,64.094317,50.636391,48.118205,126.914615,131.413077,122.416154,123.311111,135.875000,123.311111,118.461111,124.063478,144.748815,16.365753,100.000000,24.000000
2025-11-06,145.000000,146.600000,136.200000,140.000000,60.908070,67.044916,53.576268,45.545041,48.055553,81.062979,58.630288,105.475740,110.386129,87.447698,68.035405,53.020711,50.833308,128.108462,132.630000,123.586923,127.044444,137.325000,127.044444,119.294444,124.476908,114.506173,25.712459,100.000000,20.000000
2025-11-13,140.000000,144.100000,135.700000,142.000000,62.055872,71.575852,56.444087,46.246749,48.664263,77.547806,60.431957,103.358182,108.043001,96.960287,71.399479,55.209297,53.362443,129.301923,133.853077,124.750769,131.044444,139.850000,131.044444,120.255556,124.975169,94.706414,32.283312,96.000000,16.000000
2025-11-20,142.000000,142.000000,132.000000,136.700000,57.258022,46.282009,58.281165,46.723887,49.037904,61.634259,60.546462,78.167958,100.635908,101.168679,72.044096,56.207499,54.707488,130.218077,134.810769,125.625385,134.000000,141.025000,134.000000,121.266667,125.240290,66.617737,35.553257,92.000000,12.000000
2025-11-27,137.000000,139.800000,132.500000,134.200000,55.094214,37.024521,59.124415,47.094379,49.301222,51.627461,59.697033,59.216713,86.554648,100.020552,70.822440,56.338335,55.175077,131.204615,135.870769,126.538462,135.900000,138.225000,135.900000,122.377778,125.397391,52.878792,37.203308,88.000000,8.000000
2025-12-04,134.400000,137.000000,130.000000,135.600000,56.094838,46.083548,59.235836,47.499987,49.596597,43.130026,58.119223,44.132813,71.218916,93.423747,68.280571,55.807660,54.970796,132.131538,136.824615,127.438462,136.888889,137.125000,136.888889,123.911111,125.620773,39.558326,37.427596,84.000000,4.000000
2025-12-11,134.000000,145.500000,133.100000,144.800000,62.075302,77.701591,59.470781,48.170096,50.139149,53.603220,57.689127,55.717725,59.308802,86.904212,67.084110,55.803750,55.298922,133.439231,138.313077,128.565385,138.066667,137.825000,138.066667,125.761111,126.268502,78.185258,41.309278,80.000000,48.000000
2025-12-18,144.700000,144.900000,136.400000,140.000000,57.662156,53.258841,59.445676,48.643553,50.466237,59.014660,57.815368,58.788710,54.463990,80.910658,66.294072,55.933530,55.785916,134.693462,139.615385,129.771538,138.966667,138.650000,138.966667,127.611111,126.718551,71.524178,44.186887,76.000000,44.000000
2025-12-25,140.000000,144.000000,139.000000,140.400000,57.930566,55.027238,59.442832,49.123922,50.790773,61.995890,58.213513,61.970301,55.152387,75.818877,65.882284,56.195999,56.428317,135.630385,140.471538,130.789231,139.900000,140.200000,139.900000,129.433333,127.195845,75.964845,47.213360,72.000000,40.000000
2026-01-01,140.800000,141.900000,135.000000,137.900000,55.559761,40.619738,58.293200,49.503941,50.998120,49.635272,57.396538,39.288583,53.941330,67.346303,63.349550,55.460894,56.102861,136.057692,140.735385,131.380000,139.066667,140.775000,139.066667,131.188889,127.588213,27.687051,45.353711,68.000000,36.000000
2026-01-08,138.300000,138.300000,130.600000,134.400000,52.330833,26.209119,57.340174,49.742489,51.056064,40.618698,55.798648,32.041461,48.022264,59.186938,60.367828,54.442657,55.493864,136.136923,140.761538,131.512308,138.444444,138.175000,138.444444,132.744444,127.845507,-57.170543,35.589496,64.000000,32.000000
2026-01-15,135.000000,135.600000,128.000000,128.000000,46.956879,13.283351,55.662508,49.753165,50.877839,26.704069,53.027736,11.605076,36.226355,48.992149,55.723756,52.580154,54.041013,135.935385,140.574615,131.296154,136.888889,135.175000,136.888889,133.966667,127.852560,-133.907221,19.446952,60.000000,28.000000
2026-01-22,129.000000,131.700000,126.200000,130.000000,48.728801,29.566076,54.714817,49.840797,50.784402,23.019515,50.169810,14.490294,24.356353,41.916853,51.796760,50.924073,52.750966,135.469615,140.059231,130.880000,136.144444,132.575000,136.144444,135.072222,127.960676,-147.612551,3.536523,56.000000,24.000000
2026-01-29,130.000000,158.000000,126.200000,152.200000,63.359966,82.930733,55.633233,50.564871,51.331166,41.926720,49.384754,50.192471,27.082325,40.914159,51.643970,50.892264,53.047489,135.430385,140.446923,130.413846,138.144444,136.150000,138.144444,137.022222,129.050242,135.261408,16.081750,100.000000,20.000000
2026-02-05,152.200000,161.800000,148.400000,159.800000,66.847853,87.711698,56.828013,51.425881,52.005804,66.736169,51.037270,77.489184,38.444256,44.620423,54.105419,52.048652,54.518415,135.871923,140.937692,130.806154,140.833333,142.500000,140.833333,138.861111,130.463285,245.744505,37.954394,100.000000,16.000000
2026-02-12,159.800000,161.500000,149.100000,152.500000,60.855463,62.492588,56.692475,52.010806,52.390572,77.711673,53.577689,76.491835,54.665946,46.928657,56.237459,53.111399,55.903042,136.482692,141.600000,131.365385,141.688889,148.625000,141.688889,139.877778,131.549275,167.107438,50.254683,96.000000,12.000000
